Label,# Samples,Average,Min,Max,Std. Dev.,Error %,Throughput,Received KB/sec,Sent KB/sec,Avg. Bytes
Request Get Locatario,10,644,95,1799,584.92,0.000%,1.58781,0.80,0.21,514.0
Request Get Locador,10,481,56,1029,407.11,0.000%,1.39373,0.71,0.19,525.0
Request Get Cities,10,1251,54,5842,1626.80,0.000%,.77184,0.22,0.10,288.0
Request Get Locatario Wishlist,10,1567,51,5968,1760.52,0.000%,.60650,0.16,0.09,263.0
Request Get All Houses,10,65671,38072,84927,14618.34,0.000%,.11111,211.36,0.01,1947812.0
Request Get House Reviews,9,3432,137,10095,3597.96,0.000%,.19160,0.05,0.03,263.0
TOTAL,59,12322,51,84927,24919.10,0.000%,.64490,208.11,0.09,330447.2
